time,quantity
2010/3,0.0
2012/3,0.0
2012/8,0.0
2013/6,0.0
2013/9,0.0
2013/12,0.0
2014/5,0.0
2014/6,0.0
2014/8,0.0
2014/10,0.0
2015/2,0.0
2015/3,0.14285714285714285
2015/6,0.2857142857142857
2015/7,0.0
2015/9,0.0
2015/10,0.14285714285714285
2015/11,0.14285714285714285
2015/12,0.2857142857142857
2016/2,1.0
2016/3,0.2857142857142857
2016/4,0.8571428571428571
